游댯,BizMachine / SharpGrid,YgiSYrvGSD8eGsqA2,https://app.hubspot.com/contacts/19497222/record/2-31980195/16346993748
游릭,Impact Radius,nab4uyTbZK54LaFTf,https://app.hubspot.com/contacts/19497222/record/2-31980195/16356347143
游릭,Sila Insights,6nNFHWqLj2feFZEkw,https://app.hubspot.com/contacts/19497222/record/2-31980195/16344544873
游릭游댴,VwD,Kh6wBrvfgG2pCJ2JY,https://app.hubspot.com/contacts/19497222/record/2-31980195/16354486034
游릭,Firtal,TxvwKiP2aw4ZrbEpg,https://app.hubspot.com/contacts/19497222/record/2-31980195/16357772429
游릭,Speechlog,5N3zrsoQibEqtH4sv,https://app.hubspot.com/contacts/19497222/record/2-31980195/16358083914
游릭游댴,Aperion Insight PROD,qDAC7vxbRhzFc5Ejw,https://app.hubspot.com/contacts/19497222/record/2-31980195/16356505872
游릭游댴,Emplifi.io,N6CNN9w7im2EMYdSW,https://app.hubspot.com/contacts/19497222/record/2-31980195/16345287849
游릭游댴,Garoma.de,g78Hs53Mz6xcWwkFP,https://app.hubspot.com/contacts/19497222/record/2-31980195/16331246603
游릭,Flippa,Z9JpDf74uHecET97E,https://app.hubspot.com/contacts/19497222/record/2-31980195/16357772431
游댮,GetGaana.ai,vm69B3WPKDEWTQAK2,https://app.hubspot.com/contacts/19497222/record/2-31980195/16356517984
游릭,Brightfield Data,wNLZoEjoEFYRsgWbg,https://app.hubspot.com/contacts/19497222/record/2-31980195/16344960105
游릭游댴,eBrand Value,ntvEuHs9EhwM9Qn5j,https://app.hubspot.com/contacts/19497222/record/2-31980195/16345287850
游릭游댴,Groupon 1,fbuqkqrJ2oDoP9rNy,https://app.hubspot.com/contacts/19497222/record/2-31980195/17181860693
游릭,Smarter X,yhnw3bYue8qyP9Cx8,https://app.hubspot.com/contacts/19497222/record/2-31980195/17181860676
游릭游댴,Intercom 2,3qDMCYosLwzrJajK4,https://app.hubspot.com/contacts/19497222/record/2-31980195/17181880074
游릭游댴,Sprinklr,E3NzPS5scQkWBne4W,https://app.hubspot.com/contacts/19497222/record/2-31980195/17182132136
游릭游댴,Apeiron Insight DEV,85v5DJHTeiN3KFd7K,https://app.hubspot.com/contacts/19497222/record/2-31980195/17182132270
游릭游댴,Amgen,9bQsaZYnLFBHqtFKA,https://app.hubspot.com/contacts/19497222/record/2-31980195/17181829671
游릭游댴,Meet Yogi (handover),i9ehTHegDRw3uBmay,https://app.hubspot.com/contacts/19497222/record/2-31980195/17181836645
游릭游댴,Surreal (handover),1sr3MWl4A5UVg0e2l,https://app.hubspot.com/contacts/19497222/record/2-31980195/17182164017
游릭,GenDigital,hXcc8d89H7DoXZEnq,https://app.hubspot.com/contacts/19497222/record/2-31980195/18829560750
游릭,ClearBox Analytics,1iwrng3bRMSspNMUg,https://app.hubspot.com/contacts/19497222/record/2-31980195/17168485242
游릭游댴,Anteriad / MeritB2B,H3gqs2LnjG9HMtZes,https://app.hubspot.com/contacts/19497222/record/2-31980195/17168485198
游릭游댴,Ideas,fwAtd6g9nWKyjHA9s,https://app.hubspot.com/contacts/19497222/record/2-31980195/17168485203
游릭游댴,Roark Capital (handover),3bkjjDMse9R4RRa4f,https://app.hubspot.com/contacts/19497222/record/2-31980195/17168485226
游릭游댴,Paychex,FFApB73Yn6pVCQVPG,https://app.hubspot.com/contacts/19497222/record/2-31980195/17181940264
游댮,SoCi Brandify,vt4PNk2nEuyk47X5k,https://app.hubspot.com/contacts/19497222/record/2-31980195/17181936643
游릭游댴,Growth Protocol,dZaegfvN5KSwnidsE,https://app.hubspot.com/contacts/19497222/record/2-31980195/17177985952
游릭,Channelsight DEV,GTLDwzJnfTMQqgBR4,https://app.hubspot.com/contacts/19497222/record/2-31980195/17177986116
游릭,Chima,nQnbys9yECXoQLWpD,https://app.hubspot.com/contacts/19497222/record/2-31980195/17182135813
游릭,HS Plus,vHenANHA6a4vvtRQ4,https://app.hubspot.com/contacts/19497222/record/2-31980195/17182135818
游릭游댴,Podium,BHMg5PqWLKWr28n9m,https://app.hubspot.com/contacts/19497222/record/2-31980195/17181948775
游릭游댴,UTA,p5962ABC5BmHSOwek,https://app.hubspot.com/contacts/19497222/record/2-31980195/18829560952
游릭游댴,Channelsight PROD,7ofB4GuCfaMCkX2HP,https://app.hubspot.com/contacts/19497222/record/2-31980195/18829561014
游릭游댴,My Swooop (handover),p2cTEJ8q8Azy4h5gR,https://app.hubspot.com/contacts/19497222/record/2-31980195/17181881872
游릭游댴,Obenan,yMMEKn3s38vgH9WCc,https://app.hubspot.com/contacts/19497222/record/2-31980195/17182141314
游릭游댴,Tripla,LnStpvHp4tT6BxdPi,https://app.hubspot.com/contacts/19497222/record/2-31980195/17179887694
游릭游댴,Zendesk,gcp93HGzAs5mztoP3,https://app.hubspot.com/contacts/19497222/record/2-31980195/17179887766
游릭游댴,Bee Digital (handover),PgQDnWmfPvgukoZEH,https://app.hubspot.com/contacts/19497222/record/2-31980195/17179148150
游릭游댴,P&G,YkEQ812XPcnLrSPTI,https://app.hubspot.com/contacts/19497222/record/2-31980195/17181938271
游릭,IP House,diZKCkJLoCMddmf4v,https://app.hubspot.com/contacts/19497222/record/2-31980195/17182158178
游릭,EdgeNPD,EBmhXGXv2kSncmzjS,https://app.hubspot.com/contacts/19497222/record/2-31980195/18829561271
游릭,QSearch,3WgYy3SkBjMQxXdxQ,https://app.hubspot.com/contacts/19497222/record/2-31980195/17182162220
游릭游댴,Flatplan,b9xHqvccPL5dmAutm,https://app.hubspot.com/contacts/19497222/record/2-31980195/17181941943
游릭游댴,Woflow,pe42ESFEYwDdB9Pwe,https://app.hubspot.com/contacts/19497222/record/2-31980195/17168485258
游릭游댴,Intercom 1,JTgS6JMLYWmwCYDrb,https://app.hubspot.com/contacts/19497222/record/2-31980195/17182149529
游릭游댴,Digit치lis Szuverenit치s K칬zpont,teb4hSGQsfNHk7xL2,https://app.hubspot.com/contacts/19497222/record/2-31980195/17182149674
游릭游댴,Groupon 2,M8aknsR3gTBGczq4A,https://app.hubspot.com/contacts/19497222/record/2-31980195/17177753125
游릭游댴,Xepelin,PpY4PNAcEQdEr4GDR,https://app.hubspot.com/contacts/19497222/record/2-31980195/17177753177
游릭游댴,GigRadar,cbQjZn4hDHMnYPhGL,https://app.hubspot.com/contacts/19497222/record/2-31980195/17178148373
游릭,Crunchbase,EGb5W7HwfeQdgpgi7,https://app.hubspot.com/contacts/19497222/record/2-31980195/17182151703
,Kamala.global,6xHZAGfjacS6O4vlI,https://app.hubspot.com/contacts/19497222/record/2-31980195/18829603465
游릭游댴,Celestica,nTTJitoDugLjMHvrS,https://app.hubspot.com/contacts/19497222/record/2-31980195/18831709486
游릭游댴,Point72,GtE4KyETF2Db7Rh8R,https://app.hubspot.com/contacts/19497222/record/2-31980195/18832251789
游릭游댴,Patrick Truong (handover),TphJ55khghHY5NVSS,https://app.hubspot.com/contacts/19497222/record/2-31980195/17170706947
游댮,P&G,fYn5IE8hgqrOZ5SO5,https://app.hubspot.com/contacts/19497222/record/2-31980195/18835315569
游릭游댴,RBI,SIXqP9rIm5xYp05o1,https://app.hubspot.com/contacts/19497222/record/2-31980195/19184200095
游릭游댴,Athena,Y9WXc8R6xgZYny4Z8,https://app.hubspot.com/contacts/19497222/record/2-31980195/19210664623
游릭游댴,HP,SSNTjWYwUeGhGVbcf,https://app.hubspot.com/contacts/19497222/record/2-31980195/20152255332
游릭,Brightwheel,8hskOXzaFsfmuP6m0,https://app.hubspot.com/contacts/19497222/record/2-31980195/20988387936
游릭游댴,Audi,xJrBwnh3fzgeycvo0,https://app.hubspot.com/contacts/19497222/record/2-31980195/23247496046
游릭游댴,PharmaLex,rU9eA2hJUnH0Qsucl,https://app.hubspot.com/contacts/19497222/record/2-31980195/23280850997
游릭游댴,ShopVision,EFsMc0yaVzTRTBbhm,https://app.hubspot.com/contacts/19497222/record/2-31980195/23628366650
游댯,Mandaleadgen,xrOAzLwaW2kFaj41C,https://app.hubspot.com/contacts/19497222/record/2-31980195/23930578253
游댯,Destin.co.uk,IpwlgXhfcgvZ6o0eT,https://app.hubspot.com/contacts/19497222/record/2-31980195/24559632493
游릭游댴,Service Now,9uOtnavrHqu6yzzzI,https://app.hubspot.com/contacts/19497222/record/2-31980195/25150287219
游릭,Buggys,LwWkCrfReBj2Z05hd,https://app.hubspot.com/contacts/19497222/record/2-31980195/25653502281
游댯,CIN7,BytxOgeV74t5D39Tp,https://app.hubspot.com/contacts/19497222/record/2-31980195/25693685507
游릭,Oliver,rgv89KgwJg1IlfmTX,https://app.hubspot.com/contacts/19497222/record/2-31980195/25884996652
游릭游댴 游댴,Iconic Hearts,sJxiFHxrRl2EDajZq,https://app.hubspot.com/contacts/19497222/record/2-31980195/26113603918
游릭,B2B Tech,izWctUPFeAcHCLhD3,https://app.hubspot.com/contacts/19497222/record/2-31980195/26158437265
游댯,Yash Gangar,bwaTNoc0cbbxNHE6k,https://app.hubspot.com/contacts/19497222/record/2-31980195/26992013906
游릭,Sefbot.cz,KpYoK324AFCtHW1aS,https://app.hubspot.com/contacts/19497222/record/2-31980195/27065481312
,Beluga Health,cypozZNwuSxKHu697,https://app.hubspot.com/contacts/19497222/record/2-31980195/27138592909
游댯,GTM6,PgjGPOkRXl9cJMqHt,https://app.hubspot.com/contacts/19497222/record/2-31980195/27290067974
游댯,Worldpackers.com,2lZFmm8momfiYVrq3,https://app.hubspot.com/contacts/19497222/record/2-31980195/27427446897
游댯,Apple,o8Ld7dKaMz1f8W65N,https://app.hubspot.com/contacts/19497222/record/2-31980195/27780093309
游릭游댴,Revinate,gMU5oE0yEgRVBlYNx,https://app.hubspot.com/contacts/19497222/record/2-31980195/27825711748
游릭游댴,Zillow,0QSpVuRIjrO1zuVNt,https://app.hubspot.com/contacts/19497222/record/2-31980195/27894938164
游릭,CIR,WE3h7lvjcIG8Z6Ifa,https://app.hubspot.com/contacts/19497222/record/2-31980195/28569470761
游릭,Pedlar Store,MsS4VrB5aj8TBVe4a,https://app.hubspot.com/contacts/19497222/record/2-31980195/29125902941
游댯,Copystar,tUACdiKQ0fg97QbDs,https://app.hubspot.com/contacts/19497222/record/2-31980195/29195016348
游릭游댴,Winnin,Qfya37TldAeDq1gZ6,https://app.hubspot.com/contacts/19497222/record/2-31980195/29317029974
游릭,Waikato Universtiy,PmbPBTrQeAQsMuAEa,https://app.hubspot.com/contacts/19497222/record/2-31980195/29465869494
游댯,TaskForce,SyerXJJ3mEpRy7N4L,https://app.hubspot.com/contacts/19497222/record/2-31980195/29650216355
游릭,Joseph Westerman,aL2JLpM0nGOA61JJO,https://app.hubspot.com/contacts/19497222/record/2-31980195/29774466854
游릭游댴,Qualco,tWEC5zudqoc2d4Bvr,https://app.hubspot.com/contacts/19497222/record/2-31980195/30287291945
游릭,Upflowy,ALGg14aJFr8qTu818,https://app.hubspot.com/contacts/19497222/record/2-31980195/30872066397
游릭,Aserg,XWaENxBknZrPbRAj2,https://app.hubspot.com/contacts/19497222/record/2-31980195/31149000808
游릭,Cashea,6vyU6JEcsHqNFFXfj,https://app.hubspot.com/contacts/19497222/record/2-31980195/31544619276
游릭,Anna Lee,EOWwFdDTFy1eP2RfB,https://app.hubspot.com/contacts/19497222/record/2-31980195/31927694120
游릭,SendOwl,CyGQszCJtLf8stwil,https://app.hubspot.com/contacts/19497222/record/2-31980195/32236691567
游릭,Aspire Solutions,GUnRT8l7ss9XkT87R,https://app.hubspot.com/contacts/19497222/record/2-31980195/33545641897
游릭,Stellarix,3HfhMcaNaw4v7Sh6l,https://app.hubspot.com/contacts/19497222/record/2-31980195/33857349670
游릭,Kondee Deekon,Ciq4PIz6rZflEkoji,https://app.hubspot.com/contacts/19497222/record/2-31980195/33892313871